id;weight;micro;micro_num;ripeness;ripeness_num;cleaning;cleaning_num;temp;temp_cat;fresh;fresh_num;fat;fat_cat;price100g;price_cat;finalscore;top10;outsidetop10;A_d;k30;yr2017;our_unique_id
1;63;Very good;1;Average;2;Very good;1;3.3;1;Freshly prepared;1;18.1;3;3.49;3;15.0;0;1;0;1;0;16_056
2;76;Very good;1;Average;2;Poor;3;4.1;1;Freshly prepared;1;15.3;3;3.02;2;16.0;0;1;0;1;0;16_032
3;58;Good;1;Average;2;Good;2;9.8;2;Freshly prepared;1;5.9;1;3.1;2;14.5;0;1;0;0;1;17_065
4;60;Very good;1;Average;2;Good;2;10.4;3;Freshly prepared;1;13.1;2;3.33;2;14.0;0;1;0;0;1;17_074
5;71;Bad;3;Rotten;4;Poor;3;18.9;3;Not freshly prepared;0;9.0;1;2.81;1;7.5;0;1;0;1;1;17_146
6;72;Very good;1;Mild;1;Good;2;0.4;1;Freshly prepared;1;14.1;3;3.12;2;16.3;0;1;0;0;1;17_016
7;73;Very good;1;Strong;3;Poor;3;8.0;2;Freshly prepared;1;13.6;2;2.73;1;13.5;0;1;0;1;0;16_080
8;73;Alarm signal;4;Rotten;4;Poor;3;8.2;2;Not freshly prepared;0;10.7;2;1.28;1;7.5;0;1;0;0;1;17_143
9;79;Passed;2;Average;2;Very good;1;10.3;3;Freshly prepared;1;11.2;2;3.79;3;14.0;0;1;0;1;1;17_073
10;58;Good;1;Strong;3;Good;2;6.7;1;Freshly prepared;1;11.8;2;3.41;2;14.0;0;1;0;0;1;17_081
11;62;Very good;1;Average;2;Poor;3;3.9;1;Freshly prepared;1;12.4;2;3.22;2;13.5;0;1;0;0;0;16_082
12;65;Very good;1;Average;2;Very good;1;-0.9;1;Freshly prepared;1;14.7;3;3.23;2;16.7;1;0;0;0;0;16_010
13;78;Very good;1;Average;2;Very good;1;4.3;1;Freshly prepared;1;9.0;1;2.88;2;17.0;1;0;0;0;0;16_008
14;77;Very good;1;Average;2;Good;2;12.9;3;Not freshly prepared;0;9.4;1;3.24;2;14.0;0;1;0;1;1;17_071
15;65;Very good;1;Strong;3;Poor;3;4.7;1;Freshly prepared;1;13.7;2;2.84;2;14.5;0;1;0;0;0;16_068
16;57;Passed;2;Strong;3;Poor;3;5.2;1;Not freshly prepared;0;8.8;1;3.33;2;11.5;0;1;0;0;0;16_109
17;71;Very good;1;Strong;3;Poor;3;7.8;2;Freshly prepared;1;13.8;2;2.74;1;14.0;0;1;0;1;0;16_075
18;67;Very good;1;Average;2;Very good;1;6.7;1;Freshly prepared;1;12.0;2;2.98;2;16.5;0;1;0;1;1;17_013
19;72;Good;1;Mild;1;Very good;1;8.9;2;Freshly prepared;1;11.5;2;3.47;2;16.0;0;1;0;1;1;17_028
20;55;Very good;1;Mild;1;Very good;1;5.1;1;Freshly prepared;1;11.3;2;3.54;3;15.5;0;1;0;1;0;16_046_17_042
21;61;Very good;1;Average;2;Poor;3;4.5;1;Not freshly prepared;0;13.2;2;3.03;2;9.0;0;1;0;1;1;17_128
22;73;Very good;1;Mild;1;Very good;1;4.6;1;Freshly prepared;1;10.3;2;3.21;2;17.2;1;0;0;1;1;17_004_16_030
23;72;Good;1;Average;2;Very good;1;4.1;1;Freshly prepared;1;10.4;2;3.15;2;16.3;0;1;0;1;1;17_023_16_004
24;45;Very good;1;Strong;3;Good;2;2.3;1;Not freshly prepared;0;7.9;1;3.32;2;9.5;0;1;0;0;1;17_125
25;56;Good;1;Strong;3;Bad;4;16.4;3;Freshly prepared;1;9.1;1;4.01;3;9.5;0;1;0;1;1;17_124
26;68;Very good;1;Average;2;Poor;3;8.9;2;Freshly prepared;1;14.2;3;2.94;2;13.0;0;1;0;1;1;17_090
27;76;Very good;1;Strong;3;Poor;3;8.9;2;Freshly prepared;1;12.8;2;2.63;1;14.0;0;1;0;1;0;16_076
28;61;Very good;1;Mild;1;Very good;1;5.1;1;Freshly prepared;1;7.5;1;3.68;3;15.5;0;1;0;1;1;17_043
29;64;Very good;1;Average;2;Very good;1;5.6;1;Freshly prepared;1;12.6;2;3.43;2;16.5;0;1;0;0;0;16_024
30;71;Good;1;Average;2;Poor;3;10.4;3;Not freshly prepared;0;10.6;2;2.81;1;10.0;0;1;0;1;1;17_121
31;55;Very good;1;Average;2;Very good;1;8.1;2;Freshly prepared;1;13.0;2;3.63;3;16.0;0;1;0;1;0;16_027
32;79;Good;1;Average;2;Poor;3;4.2;1;Freshly prepared;1;12.6;2;3.76;3;16.0;0;1;0;1;1;17_030
33;75;Warning;4;Strong;3;Good;2;8.9;2;Freshly prepared;1;14.5;3;3.33;2;14.5;0;1;0;1;0;16_063
34;62;Very good;1;Average;2;Very good;1;2.9;1;Freshly prepared;1;12.7;2;3.22;2;15.0;0;1;0;1;0;16_054
35;65;Passed;2;Average;2;Good;2;14.5;3;Not freshly prepared;0;9.1;1;3.46;2;11.0;0;1;0;1;1;17_113
36;60;Alarm signal;4;Strong;3;Good;2;13.6;3;Not freshly prepared;0;13.6;2;3.75;3;10.0;0;1;0;1;0;16_114
37;66;Very good;1;Average;2;Poor;3;12.9;3;Freshly prepared;1;8.7;1;3.03;2;11.0;0;1;0;1;1;17_110
38;63;Alarm signal;4;Average;2;Good;2;13.9;3;Not freshly prepared;0;7.3;1;3.17;2;11.0;0;1;0;1;1;17_111
39;65;Very good;1;Average;2;Very good;1;3.2;1;Freshly prepared;1;15.5;3;3.07;2;15.5;0;1;0;1;0;16_044
40;62;Good;1;Strong;3;Good;2;4.8;1;Not freshly prepared;0;11.5;2;1.61;1;8.5;0;1;0;1;0;16_131
41;64;Good;1;Average;2;Poor;3;13.9;3;Freshly prepared;1;7.9;1;3.12;2;11.5;0;1;0;1;1;17_106
42;66;Very good;1;Average;2;Very good;1;3.6;1;Freshly prepared;1;11.9;2;3.18;2;16.0;0;1;0;1;0;16_038
43;55;Very good;1;Average;2;Poor;3;6.0;1;Freshly prepared;1;13.1;2;3.36;2;14.5;0;1;0;1;0;16_070
44;67;Very good;1;Average;2;Very good;1;2.9;1;Freshly prepared;1;12.2;2;3.35;2;16.3;0;1;0;0;1;17_018
45;69;Good;1;Strong;3;Good;2;11.4;3;Not freshly prepared;0;13.4;2;3.62;3;9.5;0;1;0;1;0;16_118
46;63;Good;1;Strong;3;Very good;1;10.2;3;Not freshly prepared;0;10.0;2;3.33;2;12.5;0;1;0;0;1;17_097
47;68;Passed;2;Average;2;Very good;1;8.9;2;Freshly prepared;1;10.9;2;3.23;2;14.0;0;1;0;1;1;17_072
48;53;Very good;1;Average;2;Poor;3;7.1;2;Not freshly prepared;0;12.6;2;3.27;2;12.5;0;1;0;0;1;17_100
49;74;Very good;1;Average;2;Very good;1;14.2;3;Freshly prepared;1;12.5;2;4.05;3;12.5;0;1;0;1;1;17_099
50;53;Very good;1;Average;2;Very good;1;4.5;1;Freshly prepared;1;16.5;3;3.67;3;16.5;0;1;0;0;0;16_021
51;56;Very good;1;Average;2;Very good;1;8.3;2;Freshly prepared;1;8.0;1;3.48;3;15.5;0;1;0;1;0;16_041
52;65;Bad;3;Average;2;Bad;4;6.1;1;Freshly prepared;1;10.5;2;3.46;2;12.5;0;1;0;1;1;17_096
53;76;Very good;1;Average;2;Good;2;7.6;2;Freshly prepared;1;13.1;2;2.96;2;15.0;0;1;0;1;0;16_050
54;69;Alarm signal;4;Strong;3;Bad;4;6.5;1;Not freshly prepared;0;10.6;2;2.53;1;7.5;0;1;0;1;1;17_141
55;48;Very good;1;Strong;3;Poor;3;9.9;2;Freshly prepared;1;8.3;1;3.64;3;9.0;0;1;0;1;1;17_131
56;71;Very good;1;Average;2;Good;2;-0.7;1;Freshly prepared;1;15.0;3;3.16;2;15.5;0;1;0;1;0;16_043
57;63;Very good;1;Average;2;Very good;1;2.6;1;Freshly prepared;1;12.0;2;3.3;2;16.5;0;1;0;0;0;16_015
58;80;Alarm signal;4;Average;2;Good;2;9.9;2;Not freshly prepared;0;11.2;2;2.75;1;13.0;0;1;0;1;1;17_089
59;66;Alarm signal;4;Average;2;Good;2;13.4;3;Not freshly prepared;0;8.1;1;3.78;3;13.0;0;1;0;1;1;17_088
60;45;Passed;2;Average;2;Very good;1;5.8;1;Freshly prepared;1;11.6;2;4.44;3;16.7;0;1;0;0;0;16_012
61;79;Very good;1;Strong;3;Poor;3;4.5;1;Freshly prepared;1;15.0;3;2.53;1;13.0;0;1;0;1;0;16_086
62;76;Very good;1;Average;2;Very good;1;6.9;1;Freshly prepared;1;12.7;2;2.56;1;15.0;0;1;0;0;0;16_062
63;63;Very good;1;Average;2;Very good;1;-1.4;1;Freshly prepared;1;14.0;3;3.96;3;16.5;0;1;0;1;0;16_017
64;75;Very good;1;Average;2;Very good;1;2.2;1;Freshly prepared;1;14.1;3;3.06;2;17.0;1;0;0;1;0;16_004_17_023
65;74;Alarm signal;4;Average;2;Good;2;7.3;2;Not freshly prepared;0;10.8;2;3.04;2;13.5;0;1;0;1;1;17_082
66;57;Good;1;Rotten;4;Bad;4;12.5;3;Not freshly prepared;0;9.4;1;3.07;2;7.5;0;1;0;0;1;17_145
67;62;Very good;1;Average;2;Good;2;6.4;1;Freshly prepared;1;9.3;1;4.35;3;14.0;0;1;0;1;1;17_080
68;60;Very good;1;Average;2;Poor;3;9.1;2;Not freshly prepared;0;9.9;1;3.33;2;10.5;0;1;0;0;1;17_119
69;57;Very good;1;Strong;3;Very good;1;4.7;1;Not freshly prepared;0;8.6;1;3.94;3;12.0;0;1;0;0;0;16_100
70;65;Very good;1;Average;2;Very good;1;0.7;1;Freshly prepared;1;13.0;2;3.46;2;16.5;0;1;0;1;0;16_016
71;81;Very good;1;Average;2;Poor;3;8.5;2;Freshly prepared;1;11.3;2;2.77;1;14.0;0;1;0;0;1;17_076
72;78;Very good;1;Strong;3;Good;2;6.3;1;Not freshly prepared;0;9.7;1;3.14;2;11.5;0;1;0;1;1;17_107
73;77;Very good;1;Rotten;4;Good;2;11.1;3;Not freshly prepared;0;16.9;3;2.27;1;7.5;0;1;0;1;0;16_142
74;73;Very good;1;Strong;3;Poor;3;6.5;1;Not freshly prepared;0;11.6;2;3.15;2;11.5;0;1;0;1;1;17_108
75;75;Passed;2;Strong;3;Good;2;11.6;3;Freshly prepared;1;13.2;2;3.0;2;14.0;0;1;0;1;0;16_073
76;58;Good;1;Strong;3;Good;2;6.3;1;Not freshly prepared;0;12.5;2;3.44;2;13.5;0;1;0;1;1;17_085
77;71;Very good;1;Average;2;Good;2;8.9;2;Not freshly prepared;0;12.2;2;2.46;1;15.5;0;1;0;0;1;17_037
78;54;Very good;1;Average;2;Good;2;5.5;1;Freshly prepared;1;14.4;3;3.61;3;15.0;0;1;0;1;1;17_055
79;80;Very good;1;Average;2;Very good;1;3.2;1;Freshly prepared;1;16.4;3;2.81;1;15.0;0;1;0;1;0;16_055_17_015
80;77;Very good;1;Strong;3;Very good;1;5.3;1;Freshly prepared;1;12.6;2;3.05;2;14.5;0;1;0;1;1;17_067
81;66;Very good;1;Average;2;Good;2;4.7;1;Freshly prepared;1;11.7;2;2.95;2;14.5;0;1;0;1;1;17_066
82;65;Very good;1;Strong;3;Bad;4;8.3;2;Not freshly prepared;0;7.2;1;3.07;2;13.0;0;1;0;1;1;17_092
83;77;Very good;1;Average;2;Very good;1;10.5;3;Freshly prepared;1;11.4;2;2.9;2;11.5;0;1;0;0;1;17_105
84;57;Very good;1;Average;2;Very good;1;6.8;1;Freshly prepared;1;10.5;2;3.5;3;16.5;0;1;0;0;0;16_026
85;63;Passed;2;Average;2;Poor;3;7.9;2;Not freshly prepared;0;12.4;2;3.17;2;12.0;0;1;0;1;1;17_101
86;72;Very good;1;Average;2;Very good;1;3.3;1;Freshly prepared;1;11.7;2;3.72;3;16.3;0;1;0;1;1;17_021
87;75;Very good;1;Average;2;Good;2;6.8;1;Not freshly prepared;0;10.6;2;3.33;2;15.0;0;1;0;1;1;17_060
88;70;Very good;1;Average;2;Very good;1;4.7;1;Freshly prepared;1;17.4;3;3.21;2;16.5;0;1;0;1;0;16_022
89;68;Very good;1;Average;2;Very good;1;10.6;3;Not freshly prepared;0;16.7;3;2.57;1;12.5;0;1;0;0;0;16_091
90;64;Very good;1;Average;2;Very good;1;6.2;1;Not freshly prepared;0;11.8;2;3.12;2;15.0;0;1;0;0;1;17_059
91;62;Very good;1;Average;2;Good;2;7.1;2;Not freshly prepared;0;12.3;2;4.03;3;13.0;0;1;0;1;1;17_091
92;63;Very good;1;Average;2;Very good;1;9.4;2;Freshly prepared;1;12.9;2;2.94;2;16.0;0;1;0;1;1;17_029_16_019
93;75;Very good;1;Strong;3;Good;2;4.8;1;Freshly prepared;1;13.0;2;3.66;3;15.0;0;1;0;0;1;17_054
94;59;Very good;1;Mild;1;Very good;1;6.3;1;Freshly prepared;1;13.4;2;3.38;2;16.5;0;1;0;1;1;17_012_16_028
95;69;Alarm signal;4;Strong;3;Poor;3;5.5;1;Freshly prepared;1;13.4;2;2.89;2;14.5;0;1;0;1;1;17_062
96;63;Very good;1;Strong;3;Good;2;6.9;1;Not freshly prepared;0;11.0;2;3.65;3;11.0;0;1;0;1;1;17_115
97;63;Very good;1;Average;2;Very good;1;6.8;1;Freshly prepared;1;12.1;2;3.3;2;15.5;0;1;0;0;0;16_048
98;59;Very good;1;Rotten;4;Good;2;2.6;1;Not freshly prepared;0;11.1;2;1.93;1;7.5;0;1;0;0;0;16_140
99;72;Passed;2;Strong;3;Good;2;8.2;2;Not freshly prepared;0;14.1;3;2.91;2;13.0;0;1;0;1;0;16_084
100;69;Very good;1;Average;2;Good;2;6.1;1;Freshly prepared;1;11.1;2;2.89;2;15.0;0;1;0;1;1;17_058
101;61;Very good;1;Average;2;Very good;1;2.1;1;Freshly prepared;1;12.3;2;3.03;2;16.5;0;1;0;0;0;16_013
102;77;Very good;1;Strong;3;Good;2;4.1;1;Freshly prepared;1;15.4;3;2.53;1;14.5;0;1;0;1;0;16_067
103;61;Very good;1;Strong;3;Good;2;6.3;1;Freshly prepared;1;9.6;1;3.68;3;13.0;0;1;0;1;0;16_088
104;65;Very good;1;Strong;3;Bad;4;14.3;3;Not freshly prepared;0;12.8;2;3.46;2;7.5;0;1;0;1;1;17_138
105;61;Very good;1;Strong;3;Very good;1;5.1;1;Not freshly prepared;0;16.8;3;1.22;1;10.5;0;1;0;1;0;16_112
106;67;Very good;1;Average;2;Very good;1;3.4;1;Freshly prepared;1;13.9;2;2.98;2;15.5;0;1;0;0;1;17_041_16_033
107;79;Very good;1;Average;2;Very good;1;1.7;1;Freshly prepared;1;11.1;2;2.84;2;15.5;0;1;0;1;1;17_040
108;61;Very good;1;Average;2;Very good;1;4.6;1;Freshly prepared;1;14.0;3;3.19;2;15.5;0;1;0;1;0;16_045
109;51;Very good;1;Average;2;Very good;1;9.7;2;Freshly prepared;1;9.5;1;4.6;3;15.5;0;1;0;1;1;17_038
110;74;Very good;1;Average;2;Poor;3;5.1;1;Freshly prepared;1;11.1;2;2.83;1;14.5;0;1;0;1;0;16_069
111;72;Very good;1;Average;2;Very good;1;8.4;2;Freshly prepared;1;15.4;3;2.7;1;15.5;0;1;0;1;1;17_036
112;67;Very good;1;Average;2;Very good;1;9.5;2;Not freshly prepared;0;10.3;2;2.76;1;14.5;0;1;0;1;1;17_064
113;53;Very good;1;Mild;1;Very good;1;12.1;3;Not freshly prepared;0;15.8;3;4.24;3;15.0;0;1;0;0;1;17_049
114;61;Very good;1;Strong;3;Good;2;6.8;1;Freshly prepared;1;13.6;2;2.95;2;14.5;0;1;0;1;0;16_071
115;76;Very good;1;Average;2;Very good;1;5.9;1;Freshly prepared;1;13.5;2;2.82;1;16.0;0;1;0;0;1;17_032
116;64;Very good;1;Average;2;Good;2;3.6;1;Not freshly prepared;0;7.8;1;4.29;3;9.5;0;1;0;1;1;17_126
117;60;Very good;1;Strong;3;Poor;3;10.2;3;Not freshly prepared;0;11.8;2;3.25;2;8.5;0;1;0;1;0;16_127
118;72;Bad;3;Groen;1;Good;2;-1.8;1;Freshly prepared;1;15.9;3;3.04;2;15.0;0;1;0;1;1;17_048
119;68;Very good;1;Strong;3;Bad;4;7.9;2;Not freshly prepared;0;9.1;1;3.3;2;9.0;0;1;0;1;1;17_130
120;76;Very good;1;Average;2;Poor;3;6.0;1;Not freshly prepared;0;9.9;1;1.97;1;15.0;0;1;0;1;1;17_057
121;56;Very good;1;Strong;3;Poor;3;8.9;2;Freshly prepared;1;14.2;3;3.57;3;13.0;0;1;0;1;0;16_083
122;61;Very good;1;Average;2;Good;2;4.7;1;Freshly prepared;1;7.7;1;3.19;2;15.5;0;1;0;1;1;17_042_16_046
123;62;Very good;1;Strong;3;Good;2;7.9;2;Not freshly prepared;0;7.5;1;3.38;2;11.5;0;1;0;1;0;16_106
124;51;Alarm signal;4;Strong;3;Good;2;10.3;3;Freshly prepared;1;12.0;2;3.82;3;12.0;0;1;0;0;0;16_093
125;59;Very good;1;Mild;1;Poor;3;6.8;1;Freshly prepared;1;10.7;2;3.38;2;15.0;0;1;0;1;1;17_061
126;78;Good;1;Average;2;Very good;1;7.4;2;Not freshly prepared;0;13.9;2;3.52;3;13.5;0;1;0;1;1;17_083
127;65;Very good;1;Average;2;Very good;1;1.1;1;Freshly prepared;1;11.7;2;3.46;2;16.3;0;1;0;0;1;17_019
128;73;Very good;1;Average;2;Very good;1;7.1;2;Freshly prepared;1;10.1;2;3.42;2;14.5;0;1;0;1;1;17_063
129;63;Very good;1;Rotten;4;Good;2;8.5;2;Not freshly prepared;0;11.7;2;1.17;1;7.5;0;1;0;1;0;16_141
130;85;Very good;1;Average;2;Good;2;5.8;1;Freshly prepared;1;12.4;2;2.47;1;14.5;0;1;0;1;1;17_068
131;67;Very good;1;Average;2;Poor;3;5.7;1;Freshly prepared;1;10.8;2;2.98;2;15.0;0;1;0;0;0;16_058
132;51;Good;1;Average;2;Very good;1;5.3;1;Freshly prepared;1;14.3;3;3.82;3;15.5;0;1;0;1;0;16_047
133;74;Good;1;Strong;3;Poor;3;9.1;2;Not freshly prepared;0;11.9;2;3.37;2;11.0;0;1;0;1;1;17_114
134;86;Good;1;Average;2;Very good;1;5.3;1;Freshly prepared;1;12.2;2;2.55;1;16.0;0;1;0;1;1;17_031
135;61;Good;1;Average;2;Very good;1;6.4;1;Freshly prepared;1;13.4;2;3.27;2;15.0;0;1;0;1;0;16_060
136;55;Very good;1;Average;2;Good;2;3.2;1;Freshly prepared;1;11.7;2;4.18;3;11.5;0;1;0;1;0;16_108
137;73;Alarm signal;4;Average;2;Poor;3;10.6;3;Freshly prepared;1;13.3;2;2.73;1;13.0;0;1;0;1;1;17_087
138;57;Very good;1;Mild;1;Very good;1;5.6;1;Freshly prepared;1;13.2;2;3.5;3;16.9;1;0;0;0;1;17_007
139;60;Very good;1;Average;2;Good;2;7.9;2;Not freshly prepared;0;12.8;2;4.58;3;12.0;0;1;0;1;0;16_097
140;67;Very good;1;Strong;3;Bad;4;8.8;2;Not freshly prepared;0;12.8;2;2.91;2;8.0;0;1;0;1;0;16_133
141;62;Good;1;Strong;3;Poor;3;4.3;1;Not freshly prepared;0;10.5;2;3.62;3;10.5;0;1;0;1;0;16_111
142;63;Very good;1;Average;2;Very good;1;7.6;2;Not freshly prepared;0;8.2;1;3.57;3;15.0;0;1;0;1;1;17_051
143;58;Very good;1;Average;2;Very good;1;7.2;2;Freshly prepared;1;12.7;2;3.62;3;15.0;0;1;0;0;1;17_050
144;62;Good;1;Strong;3;Poor;3;15.1;3;Not freshly prepared;0;12.3;2;3.49;3;8.0;0;1;0;1;1;17_135
145;64;Bad;3;Average;2;Very good;1;6.8;1;Freshly prepared;1;10.2;2;3.51;3;15.3;0;1;0;0;1;17_026
146;63;Very good;1;Average;2;Very good;1;-1.9;1;Freshly prepared;1;13.1;2;2.94;2;16.7;1;0;0;0;1;17_009
147;72;Very good;1;Average;2;Good;2;8.2;2;Freshly prepared;1;14.3;3;2.7;1;15.0;0;1;0;1;0;16_051
148;64;Very good;1;Strong;3;Very good;1;8.9;2;Freshly prepared;1;10.3;2;3.67;3;15.5;0;1;0;1;0;16_042
149;76;Very good;1;Strong;3;Poor;3;7.4;2;Freshly prepared;1;14.1;3;2.63;1;12.0;0;1;0;1;0;16_096
150;71;Very good;1;Average;2;Very good;1;-0.8;1;Freshly prepared;1;15.1;3;2.81;1;16.0;0;1;0;1;0;16_028_17_012
151;65;Very good;1;Rotten;4;Good;2;6.1;1;Not freshly prepared;0;12.2;2;1.37;1;7.5;0;1;0;1;1;17_140
152;49;Very good;1;Strong;3;Good;2;13.6;3;Freshly prepared;1;11.8;2;4.48;3;8.0;0;1;0;1;1;17_134
153;68;Alarm signal;4;Average;2;Good;2;8.7;2;Not freshly prepared;0;16.9;3;2.86;2;13.5;0;1;0;1;0;16_078
154;63;Very good;1;Average;2;Very good;1;3.8;1;Freshly prepared;1;11.6;2;3.57;3;16.3;0;1;0;0;1;17_022
155;61;Passed;2;Strong;3;Very good;1;14.2;3;Not freshly prepared;0;14.1;3;2.86;2;9.5;0;1;0;0;0;16_119
156;63;Very good;1;Rotten;4;Poor;3;3.8;1;Not freshly prepared;0;5.4;1;2.37;1;7.5;0;1;0;0;1;17_139
157;59;Bad;3;Average;2;Good;2;11.2;3;Not freshly prepared;0;7.5;1;3.38;2;11.0;0;1;0;1;1;17_109
158;79;Good;1;Average;2;Very good;1;6.1;1;Freshly prepared;1;11.3;2;2.91;2;16.5;0;1;0;1;0;16_025
159;55;Passed;2;Average;2;Very good;1;6.1;1;Freshly prepared;1;10.8;2;3.18;2;15.5;0;1;0;0;1;17_045
160;67;Bad;3;Strong;3;Poor;3;4.1;1;Not freshly prepared;0;14.4;3;1.18;1;9.5;0;1;0;1;0;16_115
161;85;Good;1;Average;2;Good;2;13.4;3;Not freshly prepared;0;12.9;2;2.35;1;10.5;0;1;0;1;1;17_116
162;73;Very good;1;Average;2;Poor;3;8.5;2;Freshly prepared;1;13.0;2;3.35;2;14.0;0;1;0;1;1;17_077
163;57;Good;1;Average;2;Very good;1;1.6;1;Freshly prepared;1;16.3;3;3.94;3;16.7;0;1;0;0;0;16_011
164;68;Alarm signal;4;Average;2;Very good;1;2.8;1;Freshly prepared;1;14.8;3;3.23;2;16.5;0;1;0;1;1;17_011_16_034
165;76;Alarm signal;4;Strong;3;Good;2;10.4;3;Not freshly prepared;0;9.6;1;2.89;2;9.5;0;1;0;1;0;16_116
166;54;Passed;2;Strong;3;Bad;4;13.0;3;Not freshly prepared;0;13.4;2;2.74;1;8.0;0;1;0;1;0;16_132
167;66;Very good;1;Average;2;Very good;1;4.7;1;Freshly prepared;1;15.2;3;3.03;2;16.0;0;1;0;1;0;16_034_17_011
168;81;Good;1;Average;2;Very good;1;0.3;1;Freshly prepared;1;9.2;1;2.77;1;16.3;0;1;0;1;1;17_015_16_055
169;59;Passed;2;Average;2;Poor;3;6.1;1;Freshly prepared;1;10.5;2;3.38;2;13.0;0;1;0;0;1;17_094
170;67;Very good;1;Average;2;Very good;1;6.7;1;Freshly prepared;1;12.2;2;2.98;2;16.0;0;1;0;1;0;16_037
171;82;Very good;1;Strong;3;Good;2;15.9;3;Not freshly prepared;0;11.8;2;2.71;1;10.5;0;1;0;1;1;17_117
172;61;Good;1;Average;2;Good;2;7.5;2;Freshly prepared;1;9.4;1;3.19;2;14.0;0;1;0;0;0;16_074
173;67;Very good;1;Average;2;Very good;1;3.6;1;Freshly prepared;1;12.7;2;2.98;2;16.0;0;1;0;0;0;16_031
174;80;Very good;1;Average;2;Very good;1;-2.1;1;Freshly prepared;1;18.4;3;2.62;1;15.5;0;1;0;1;1;17_039
175;71;Very good;1;Strong;3;Good;2;7.4;2;Not freshly prepared;0;9.8;1;1.11;1;8.5;0;1;0;1;0;16_129
176;61;Good;1;Rotten;4;Poor;3;9.2;2;Not freshly prepared;0;10.2;2;3.27;2;7.5;0;1;0;0;1;17_144
177;66;Bad;3;Strong;3;Good;2;14.8;3;Not freshly prepared;0;9.0;1;2.65;1;8.5;0;1;0;1;1;17_132
178;62;Very good;1;Average;2;Very good;1;2.7;1;Freshly prepared;1;15.8;3;3.14;2;16.0;0;1;0;1;0;16_029
179;64;Good;1;Strong;3;Good;2;13.7;3;Not freshly prepared;0;9.8;1;2.73;1;9.5;0;1;0;1;0;16_123
180;70;Very good;1;Strong;3;Poor;3;11.6;3;Freshly prepared;1;13.4;2;2.85;2;12.0;0;1;0;1;0;16_094
181;62;Very good;1;Strong;3;Poor;3;12.6;3;Not freshly prepared;0;9.3;1;3.22;2;8.5;0;1;0;0;0;16_128
182;69;Bad;3;Average;2;Very good;1;2.8;1;Freshly prepared;1;12.0;2;3.04;2;15.0;0;1;0;1;0;16_049
183;68;Very good;1;Strong;3;Poor;3;6.9;1;Not freshly prepared;0;10.5;2;3.08;2;13.0;0;1;0;1;1;17_095
184;58;Very good;1;Average;2;Good;2;6.3;1;Freshly prepared;1;11.0;2;3.44;2;12.5;0;1;0;0;0;16_092
185;79;Passed;2;Strong;3;Poor;3;9.5;2;Freshly prepared;1;12.9;2;3.16;2;12.0;0;1;0;1;0;16_099
186;65;Very good;1;Average;2;Very good;1;9.1;2;Freshly prepared;1;15.1;3;3.07;2;15.0;0;1;0;1;0;16_052_17_046
187;66;Alarm signal;4;Strong;3;Bad;4;7.1;2;Not freshly prepared;0;13.3;2;2.86;2;7.5;0;1;0;0;1;17_136
188;56;Very good;1;Average;2;Poor;3;4.3;1;Freshly prepared;1;7.1;1;3.48;3;14.0;0;1;0;0;0;16_077
189;80;Passed;2;Strong;3;Very good;1;16.5;3;Not freshly prepared;0;12.5;2;2.81;1;10.5;0;1;0;1;1;17_120
190;64;Very good;1;Mild;1;Very good;1;5.6;1;Freshly prepared;1;13.1;2;3.51;3;15.0;0;1;0;1;0;16_057
191;57;Good;1;Average;2;Good;2;6.2;1;Freshly prepared;1;12.2;2;3.5;3;15.0;0;1;0;0;0;16_059
192;59;Very good;1;Strong;3;Poor;3;6.1;1;Freshly prepared;1;14.1;3;3.81;3;10.5;0;1;0;1;0;16_113
193;63;Good;1;Average;2;Good;2;13.8;3;Freshly prepared;1;8.7;1;3.17;2;12.5;0;1;0;1;1;17_098
194;63;Very good;1;Strong;3;Bad;4;9.9;2;Not freshly prepared;0;13.6;2;3.38;2;7.5;0;1;0;1;0;16_138
195;66;Very good;1;Average;2;Very good;1;-1.2;1;Freshly prepared;1;13.7;2;3.4;2;17.1;1;0;0;0;1;17_005
196;60;Very good;1;Mild;1;Very good;1;9.1;2;Freshly prepared;1;16.0;3;3.33;2;13.5;0;1;0;0;0;16_081
197;54;Very good;1;Average;2;Very good;1;12.2;3;Freshly prepared;1;13.2;2;3.33;2;14.5;0;1;0;1;0;16_064
198;69;Very good;1;Strong;3;Good;2;7.4;2;Not freshly prepared;0;16.4;3;2.89;2;14.5;0;1;0;1;0;16_065
199;54;Very good;1;Strong;3;Poor;3;8.2;2;Not freshly prepared;0;8.6;1;4.16;3;7.5;0;1;0;1;1;17_137
200;69;Reject;5;Strong;3;Poor;3;15.8;3;Not freshly prepared;0;15.0;3;3.26;2;7.5;0;1;0;0;0;16_135
201;66;Very good;1;Strong;3;Good;2;13.1;3;Freshly prepared;1;15.3;3;3.4;2;9.5;0;1;0;1;0;16_122
202;61;Alarm signal;4;Average;2;Poor;3;12.2;3;Freshly prepared;1;11.4;2;3.68;3;9.5;0;1;0;1;1;17_123
203;80;Very good;1;Average;2;Very good;1;4.1;1;Freshly prepared;1;12.6;2;2.81;1;16.6;1;0;0;1;1;17_010_16_040
204;67;Good;1;Average;2;Very good;1;0.9;1;Freshly prepared;1;9.8;1;3.13;2;16.3;0;1;0;0;1;17_017_16_014
205;61;Very good;1;Average;2;Good;2;10.8;3;Not freshly prepared;0;14.7;3;2.86;2;14.0;0;1;0;1;0;16_072
206;61;Afgekeurd;5;Rotten;4;Poor;3;5.2;1;Not freshly prepared;0;9.3;1;2.04;1;7.5;0;1;0;1;1;17_147
207;77;Good;1;Average;2;Very good;1;6.4;1;Freshly prepared;1;8.2;1;2.53;1;14.5;0;1;0;1;1;17_069
208;71;Alarm signal;4;Strong;3;Good;2;8.3;2;Not freshly prepared;0;8.9;1;3.09;2;11.5;0;1;0;0;1;17_104
209;66;Very good;1;Average;2;Very good;1;7.3;2;Freshly prepared;1;14.4;3;3.4;2;15.5;0;1;0;1;0;16_040_17_010
210;71;Good;1;Average;2;Very good;1;6.9;1;Freshly prepared;1;14.2;3;3.09;2;16.0;0;1;0;1;1;17_034_16_089
211;63;Alarm signal;4;Rotten;4;Very good;1;5.5;1;Not freshly prepared;0;11.4;2;3.49;3;7.5;0;1;0;1;0;16_144
212;75;Very good;1;Strong;3;Good;2;12.7;3;Freshly prepared;1;11.9;2;2.93;2;13.5;0;1;0;1;0;16_079
213;69;Very good;1;Strong;3;Bad;4;7.2;2;Not freshly prepared;0;7.7;1;2.53;1;9.0;0;1;0;0;1;17_129
214;68;Very good;1;Average;2;Poor;3;7.1;2;Freshly prepared;1;13.7;2;3.67;3;14.0;0;1;0;1;1;17_075
215;63;Very good;1;Strong;3;Poor;3;5.4;1;Not freshly prepared;0;10.5;2;3.17;2;12.0;0;1;0;1;1;17_102
216;60;Very good;1;Strong;3;Poor;3;10.3;3;Freshly prepared;1;8.4;1;5.0;3;7.5;0;1;0;1;0;16_136
217;68;Very good;1;Rotten;4;Poor;3;8.1;2;Not freshly prepared;0;11.2;2;1.24;1;7.5;0;1;0;1;1;17_142
218;57;Very good;1;Average;2;Poor;3;8.6;2;Freshly prepared;1;11.1;2;3.5;3;14.5;0;1;0;0;0;16_066
219;69;Passed;2;Rotten;4;Very good;1;13.9;3;Not freshly prepared;0;10.1;2;2.53;1;7.5;0;1;0;0;0;16_143
220;73;Very good;1;Strong;3;Good;2;4.7;1;Not freshly prepared;0;16.1;3;3.42;2;13.0;0;1;0;1;0;16_087
221;65;Passed;2;Strong;3;Good;2;8.6;2;Not freshly prepared;0;8.7;1;2.07;1;10.0;0;1;0;0;1;17_122
222;72;Good;1;Strong;3;Poor;3;5.9;1;Freshly prepared;1;5.9;1;2.6;1;14.0;0;1;0;1;1;17_078
223;67;Alarm signal;4;Strong;3;Good;2;10.8;3;Freshly prepared;1;10.9;2;3.35;2;10.5;0;1;0;1;0;16_110
224;87;Afgekeurd;5;Rotten;4;Good;2;11.1;3;Not freshly prepared;0;6.9;1;2.58;1;7.5;0;1;0;0;1;17_148
225;68;Very good;1;Average;2;Very good;1;2.8;1;Freshly prepared;1;16.5;3;3.08;2;16.5;0;1;0;0;0;16_014_17_017
226;66;Very good;1;Average;2;Good;2;6.8;1;Freshly prepared;1;14.8;3;3.78;3;15.0;0;1;0;1;0;16_061
227;61;Very good;1;Average;2;Very good;1;6.3;1;Freshly prepared;1;10.8;2;3.27;2;15.5;0;1;0;1;1;17_046_16_052
228;72;Passed;2;Average;2;Very good;1;7.3;2;Freshly prepared;1;15.4;3;2.7;1;15.5;0;1;0;1;0;16_039
229;66;Reject;5;Average;2;Poor;3;9.8;2;Freshly prepared;1;18.1;3;2.95;2;7.5;0;1;0;0;0;16_134
230;67;Very good;1;Average;2;Very good;1;6.6;1;Freshly prepared;1;9.8;1;2.76;1;16.0;0;1;0;0;0;16_036_17_079
231;59;Very good;1;Strong;3;Good;2;10.2;3;Not freshly prepared;0;9.0;1;3.38;2;9.0;0;1;0;1;1;17_127
232;66;Good;1;Average;2;Very good;1;4.6;1;Freshly prepared;1;13.3;2;3.03;2;16.0;0;1;0;0;0;16_033_17_041
233;65;Very good;1;Average;2;Good;2;8.6;2;Freshly prepared;1;10.1;2;3.38;2;16.0;0;1;0;1;1;17_027
234;56;Good;1;Strong;3;Poor;3;3.4;1;Not freshly prepared;0;6.9;1;3.57;3;8.5;0;1;0;1;0;16_130
235;55;Very good;1;Average;2;Very good;1;8.5;2;Freshly prepared;1;9.3;1;3.45;2;13.0;0;1;0;0;0;16_085
236;64;Very good;1;Strong;3;Good;2;4.3;1;Not freshly prepared;0;6.4;1;3.51;3;11.5;0;1;0;1;1;17_103
237;61;Alarm signal;4;Strong;3;Good;2;7.5;2;Not freshly prepared;0;8.4;1;2.86;2;8.5;0;1;0;1;0;16_126
238;71;Good;1;Average;2;Very good;1;6.3;1;Freshly prepared;1;11.5;2;3.16;2;16.0;0;1;0;1;0;16_035
239;77;Passed;2;Average;2;Very good;1;9.7;2;Freshly prepared;1;10.6;2;2.4;1;15.0;0;1;0;0;0;16_053_17_047
240;68;Very good;1;Strong;3;Very good;1;9.0;2;Not freshly prepared;0;8.6;1;3.67;3;9.0;0;1;0;1;0;16_124
241;59;Good;1;Average;2;Good;2;8.1;2;Not freshly prepared;0;10.2;2;3.38;2;11.5;0;1;0;0;0;16_107
242;73;Very good;1;Strong;3;Good;2;7.9;2;Not freshly prepared;0;15.4;3;2.73;1;12.5;0;1;0;1;0;16_090
243;88;Very good;1;Average;2;Good;2;-2.2;1;Freshly prepared;1;11.7;2;2.55;1;15.0;0;1;0;1;1;17_052
244;67;Passed;2;Strong;3;Good;2;6.7;1;Not freshly prepared;0;12.6;2;1.86;1;9.5;0;1;0;1;0;16_120
245;66;Good;1;Strong;3;Very good;1;5.7;1;Freshly prepared;1;14.7;3;3.33;2;15.5;0;1;0;1;1;17_044
246;67;Very good;1;Average;2;Good;2;6.9;1;Freshly prepared;1;10.7;2;2.98;2;14.5;0;1;0;0;1;17_070
247;59;Alarm signal;4;Strong;3;Good;2;8.9;2;Not freshly prepared;0;13.1;2;3.55;3;9.5;0;1;0;1;0;16_117
248;80;Good;1;Average;2;Good;2;6.5;1;Freshly prepared;1;10.6;2;2.31;1;15.5;0;1;0;0;1;17_047_16_053
249;60;Good;1;Average;2;Poor;3;6.2;1;Freshly prepared;1;7.2;1;3.33;2;14.0;0;1;0;0;1;17_079_16_036
250;58;Good;1;Strong;3;Poor;3;12.6;3;Freshly prepared;1;9.2;1;3.36;2;11.0;0;1;0;0;1;17_112
251;65;Very good;1;Strong;3;Poor;3;11.9;3;Not freshly prepared;0;10.8;2;2.69;1;8.0;0;1;0;0;1;17_133
252;64;Very good;1;Average;2;Good;2;8.6;2;Freshly prepared;1;12.2;2;3.51;3;12.0;0;1;0;1;0;16_098
253;77;Bad;3;Mild;1;Good;2;8.9;2;Not freshly prepared;0;4.6;1;3.57;3;13.0;0;1;0;1;1;17_086
254;72;Very good;1;Average;2;Very good;1;8.2;2;Not freshly prepared;0;12.7;2;3.12;2;10.5;0;1;0;1;1;17_118
255;79;Very good;1;Average;2;Very good;1;4.1;1;Freshly prepared;1;13.0;2;2.53;1;16.5;0;1;0;1;0;16_019_17_029
256;69;Very good;1;Average;2;Very good;1;3.3;1;Freshly prepared;1;15.7;3;3.26;2;16.0;0;1;0;1;0;16_030_17_004
257;79;Very good;1;Average;2;Very good;1;6.2;1;Freshly prepared;1;9.6;1;3.03;2;16.0;0;1;0;1;1;17_033
258;82;Very good;1;Average;2;Poor;3;6.1;1;Not freshly prepared;0;10.0;2;2.71;1;13.0;0;1;0;1;1;17_093
259;76;Very good;1;Average;2;Poor;3;10.4;3;Freshly prepared;1;9.2;1;2.61;1;11.5;0;1;0;1;0;16_105
260;50;Very good;1;Strong;3;Poor;3;12.8;3;Not freshly prepared;0;15.0;3;3.8;3;11.5;0;1;0;1;0;16_104
261;62;Very good;1;Strong;3;Good;2;9.1;2;Not freshly prepared;0;12.7;2;1.6;1;9.0;0;1;0;1;0;16_125
262;72;Alarm signal;4;Strong;3;Good;2;10.7;3;Not freshly prepared;0;8.7;1;3.12;2;11.5;0;1;0;1;0;16_102
263;49;Good;1;Strong;3;Good;2;6.6;1;Freshly prepared;1;14.0;3;3.87;3;12.0;0;1;0;0;0;16_101
264;58;Alarm signal;4;Strong;3;Poor;3;7.1;2;Freshly prepared;1;15.5;3;3.79;3;12.5;0;1;0;1;0;16_089_17_034
265;52;Very good;1;Strong;3;Poor;3;10.8;3;Not freshly prepared;0;7.6;1;4.8;3;7.5;0;1;0;0;0;16_137
266;79;Alarm signal;4;Strong;3;Good;2;9.1;2;Not freshly prepared;0;6.2;1;2.34;1;11.5;0;1;0;1;0;16_103
267;64;Very good;1;Average;2;Very good;1;5.4;1;Freshly prepared;1;10.8;2;3.12;2;16.3;0;1;0;0;1;17_024
268;53;Good;1;Average;2;Poor;3;10.3;3;Not freshly prepared;0;11.0;2;4.15;3;9.5;0;1;0;1;0;16_121
269;65;Very good;1;Strong;3;Poor;3;7.2;2;Freshly prepared;1;16.5;3;3.0;2;12.0;0;1;0;1;0;16_095
270;62;Very good;1;Average;2;Very good;1;3.9;1;Freshly prepared;1;15.5;3;3.54;3;16.5;0;1;0;1;0;16_018
271;63;Good;1;Average;2;Poor;3;9.4;2;Freshly prepared;1;7.0;1;2.85;2;13.5;0;1;0;0;1;17_084
272;69;Very good;1;Rotten;4;Good;2;2.5;1;Not freshly prepared;0;9.0;1;1.8;1;7.5;0;1;0;1;0;16_139
273;61;Very good;1;Average;2;Very good;1;2.6;1;Freshly prepared;1;14.2;3;3.03;2;17.5;1;0;1;0;0;16_001_17_003
274;75;Very good;1;Mild;1;Very good;1;5.6;1;Freshly prepared;1;13.2;2;2.6;1;16.3;0;1;1;0;1;17_025_16_020
275;77;Very good;1;Average;2;Very good;1;3.3;1;Freshly prepared;1;12.0;2;2.92;2;17.5;1;0;1;0;1;17_001_16_009
276;63;Very good;1;Average;2;Very good;1;4.1;1;Freshly prepared;1;10.6;2;3.49;3;17.0;1;0;1;0;0;16_007
277;62;Very good;1;Groen;1;Very good;1;5.6;1;Freshly prepared;1;12.7;2;3.54;3;15.0;0;1;1;0;1;17_056
278;58;Good;1;Average;2;Very good;1;1.5;1;Freshly prepared;1;14.6;3;3.62;3;17.0;1;0;1;1;0;16_006
279;62;Very good;1;Average;2;Very good;1;5.3;1;Freshly prepared;1;13.9;2;3.62;3;16.5;0;1;1;0;0;16_023_17_020
280;72;Very good;1;Mild;1;Good;2;2.0;1;Freshly prepared;1;12.5;2;2.22;1;16.3;0;1;1;0;1;17_014_16_002
281;71;Very good;1;Average;2;Very good;1;1.9;1;Freshly prepared;1;13.4;2;3.16;2;16.7;1;0;1;0;0;16_009_17_001
282;75;Very good;1;Average;2;Very good;1;2.7;1;Freshly prepared;1;13.7;2;2.8;1;17.4;1;0;1;1;1;17_002
283;76;Very good;1;Average;2;Very good;1;2.5;1;Freshly prepared;1;12.3;2;2.43;1;17.3;1;0;1;0;1;17_003_16_001
284;71;Very good;1;Average;2;Very good;1;3.1;1;Freshly prepared;1;12.6;2;3.16;2;16.3;0;1;1;0;1;17_020_16_023
285;54;Good;1;Average;2;Very good;1;4.3;1;Freshly prepared;1;18.8;3;3.7;3;16.5;0;1;1;0;0;16_020_17_025
286;66;Very good;1;Average;2;Very good;1;2.0;1;Freshly prepared;1;13.5;2;2.65;1;17.3;1;0;1;0;0;16_002_17_014
287;76;Good;1;Mild;1;Very good;1;4.7;1;Not freshly prepared;0;11.4;2;2.1;1;15.5;0;1;1;0;1;17_035
288;66;Very good;1;Average;2;Very good;1;4.2;1;Freshly prepared;1;14.6;3;2.95;2;17.3;1;0;1;0;0;16_003_17_008
289;65;Very good;1;Average;2;Very good;1;2.9;1;Not freshly prepared;0;12.9;2;3.89;3;15.0;0;1;1;0;1;17_053
290;73;Very good;1;Average;2;Very good;1;1.5;1;Freshly prepared;1;1.3;1;3.42;2;17.0;1;0;1;0;0;16_005_17_006
291;74;Very good;1;Average;2;Very good;1;2.9;1;Freshly prepared;1;11.6;2;2.7;1;16.8;1;0;1;0;1;17_008_16_003
292;72;Very good;1;Average;2;Very good;1;1.9;1;Freshly prepared;1;13.4;2;3.47;2;17.0;1;0;1;0;1;17_006_16_005
